<?xml version="1.0" encoding="UTF-8"?>
<beans xmlns="http://www.springframework.org/schema/beans"
	xsi:schemaLocation="http://www.springframework.org/schema/beans 
	http://www.springframework.org/schema/beans/spring-beans.xsd 
   	http://www.springframework.org/schema/aop 
	http://www.springframework.org/schema/aop/spring-aop.xsd 
   	http://www.springframework.org/schema/context 
   	http://www.springframework.org/schema/context/spring-context.xsd 
   	http://www.springframework.org/schema/util 
   	http://www.springframework.org/schema/util/spring-util.xsd 
   	http://www.springframework.org/schema/tx 
   	http://www.springframework.org/schema/tx/spring-tx.xsd
   	http://www.springframework.org/schema/mvc
   	http://www.springframework.org/schema/mvc/spring-mvc.xsd"
	xmlns:xsi="http://www.w3.org/2001/XMLSchema-instance" xmlns:p="http://www.springframework.org/schema/p"
	xmlns:tx="http://www.springframework.org/schema/tx" xmlns:util="http://www.springframework.org/schema/util"
	xmlns:context="http://www.springframework.org/schema/context"
	xmlns:aop="http://www.springframework.org/schema/aop" xmlns:mvc="http://www.springframework.org/schema/mvc">


	<!-- 属性站位符，之后，就可以通过这个properties中的 文件 通过SPEL表达式直接引入值 -->
	<context:property-placeholder location="classpath:sys.properties" />

	<context:component-scan base-package="com.sys"
		use-default-filters="false">
		<context:include-filter type="annotation"
			expression="org.springframework.stereotype.Controller" />
	</context:component-scan>

	<aop:aspectj-autoproxy />

	<!-- 强大的注解驱动 -->
	<mvc:annotation-driven
		content-negotiation-manager="contentNegotiationManager">
		<!-- 这里就是一个默认的开关，为true 的话就是默认使用spring提供的，如果 修改为false 就使用我们声明的下面内容 -->
		<mvc:message-converters register-defaults="true">
			<bean class="org.springframework.http.converter.StringHttpMessageConverter" />
			<bean
				class="org.springframework.http.converter.ByteArrayHttpMessageConverter" />
			<bean
				class="org.springframework.http.converter.json.MappingJackson2HttpMessageConverter">
				<property name="prettyPrint" value="true" />
			</bean>
			<bean
				class="org.springframework.http.converter.xml.SourceHttpMessageConverter">
			</bean>
		</mvc:message-converters>
	</mvc:annotation-driven>
	<!-- 一些默认的handler -->
	<mvc:default-servlet-handler />


	<!-- 这个是设置默认 路径，也就是 http://localhost:8080/spring-web/ 显示的是main.jsp -->
	<mvc:view-controller path="/" view-name="/main" />

	<!-- 这个是用来 过滤 静态资源 不走 servlet的 -->
	<mvc:resources location="/static/" mapping="/static/**"
		cache-period="0" />

	<!-- 这个就是拦截器 -->
	<mvc:interceptors>
		<mvc:interceptor>
			<mvc:mapping path="/**" />
			<mvc:exclude-mapping path="/static/**" />
			<bean class="com.sys.util.UrlInterceptor" />
		</mvc:interceptor>
	</mvc:interceptors>

	<bean id="viewResolver"
		class="org.springframework.web.servlet.view.InternalResourceViewResolver"
		p:order="1">
		<property name="prefix" value="/WEB-INF/jsp/"/>
		<property name="suffix" value=".jsp" />
	</bean>



	<bean id="contentNegotiationManager"
		class="org.springframework.web.accept.ContentNegotiationManagerFactoryBean">
		<property name="favorParameter" value="true"/>
		<!-- 忽略请求，这样的话，defaultContentType默认的json就生效了 -->
		<property name="ignoreAcceptHeader" value="true"/>
		<property name="defaultContentType" value="application/json"/>
		<!-- 这里定义的是mediaTypes，在这里可以用到我们的扩展.json   .xml -->
		<property name="mediaTypes">
			<map>
				<entry key="json" value="application/json"/>
				<entry key="xml" value="application/xml"/>
			</map>
		</property>
	</bean>

	<!-- <bean class="org.springframework.web.servlet.mvc.annotation.AnnotationMethodHandlerAdapter"> 
		<property name="messageConverters"> <list> <ref bean="jsonConverter" /> </list> 
		</property> </bean> <bean id="jsonConverter" class="org.springframework.http.converter.json.MappingJackson2HttpMessageConverter"> 
		<property name="objectMapper"> <bean class="com.sys.util.JsonMapper"> <property 
		name="dateFormat"> <bean class="java.text.SimpleDateFormat"> <constructor-arg 
		type="java.lang.String" value="yyyy-MM-dd HH:mm:ss"/> </bean> </property> 
		</bean> </property> <property name="supportedMediaTypes" value="application/json;charset=UTF-8" 
		/> </bean> -->

	<!-- <bean class="org.springframework.web.servlet.mvc.method.annotation.RequestMappingHandlerAdapter"> 
		<property name="messageConverters"> <util:list id="beanList"> <ref bean="stringHttpMessageConverter"/> 
		<ref bean="marshallingHttpMessageConverter"/> </util:list> </property> </bean> 
		<bean id="stringHttpMessageConverter" class="org.springframework.http.converter.StringHttpMessageConverter" 
		/> <bean id="marshallingHttpMessageConverter" class="org.springframework.http.converter.xml.MarshallingHttpMessageConverter"> 
		<property name="marshaller" ref="castorMarshaller" /> <property name="unmarshaller" 
		ref="castorMarshaller" /> </bean> <bean id="castorMarshaller" class="org.springframework.oxm.castor.CastorMarshaller" 
		/> -->
</beans> 