<?xml version="1.0" encoding="UTF-8"?>
<beans xmlns="http://www.springframework.org/schema/beans"
	xmlns:xsi="http://www.w3.org/2001/XMLSchema-instance" 
	xmlns:context="http://www.springframework.org/schema/context"
	xmlns:mvc="http://www.springframework.org/schema/mvc" 
	xmlns:task="http://www.springframework.org/schema/task"
	xsi:schemaLocation="
	http://www.springframework.org/schema/beans
	http://www.springframework.org/schema/beans/spring-beans-4.0.xsd
	http://www.springframework.org/schema/context
	http://www.springframework.org/schema/context/spring-context-4.0.xsd
	http://www.springframework.org/schema/mvc
	http://www.springframework.org/schema/mvc/spring-mvc-4.0.xsd
	http://www.springframework.org/schema/task 
	http://www.springframework.org/schema/task/spring-task-4.0.xsd" >
	<!-- 必须有aop才可以解析这些标签 -->
	<!-- service 和 与 Web无关的bean 都在这里 -->
	<context:component-scan base-package="me.test.task"/>
	<task:annotation-driven/>
	<!-- spring.context 中 可以看到这个约束 -->	
	<bean id="flightService" class="me.springmvc.first.flight.service.DummyFlightService">
	</bean>
	<bean id="handlerInterceptor1" class="me.springmvc.interceptor.MyHandlerInterceptor1"/>
	<bean id="handlerInterceptor2" class="me.springmvc.interceptor.MyHandlerInterceptor2"/>
	<bean id="handlerInterceptor3" class="me.springmvc.interceptor.HandlerInterceptor3"/>
	<bean id="stopWatchHandlerInterceptor" class="me.springmvc.interceptor.StopWatchHandlerInterceptor"/>
	
</beans>