<?xml version="1.0" encoding="UTF-8"?>
<beans xmlns="http://www.springframework.org/schema/beans"
	xmlns:xsi="http://www.w3.org/2001/XMLSchema-instance" xmlns:context="http://www.springframework.org/schema/context"
	xmlns:mvc="http://www.springframework.org/schema/mvc" xmlns:task="http://www.springframework.org/schema/task"
	xsi:schemaLocation="
	http://www.springframework.org/schema/beans
	http://www.springframework.org/schema/beans/spring-beans-4.0.xsd
	http://www.springframework.org/schema/context
	http://www.springframework.org/schema/context/spring-context-4.0.xsd
	http://www.springframework.org/schema/mvc
	http://www.springframework.org/schema/mvc/spring-mvc-4.0.xsd
	http://www.springframework.org/schema/task 
	http://www.springframework.org/schema/task/spring-task-4.0.xsd">

	<!-- scan the package and the sub -->
	<context:component-scan base-package="me.springmvc.annotation"/>

	<!-- Dispatcher如何寻找到这个文件，使通过DispatcherServlet中的initpram:contextConfigLocation 
		FromeworkServlet getNamespace()这个方法中 -->
	<!-- Controller和与Web应用有关的bean都在这里 -->
	<!-- HandlerMappering 默认使用类 这里为什么不用id 尼? 原因是id属性禁用了/这个符号 handler.beanNameUrlHandlerMappering类，该类处理任何bean都是用一个/字符开头的名称 
		URL -->
	<bean name="/home" class="me.springmvc.first.flight.web.HomeController">
		<property name="flightService" ref="flightService"></property>
	</bean>

	<bean name="/hello" class="me.springmvc.helloworld.web.HelloWorldController"></bean>
	<bean name="/helloWithoutReturn" class="me.springmvc.helloworld.web.HelloWorldWithoutReturnController"></bean>
	<!-- 只支持POST 以GET方式访问就抱错 -->
	<bean name="/helloWithoutPOST" class="me.springmvc.helloworld.web.HelloWorldWithoutReturnController">
		<property name="supportedMethods" value="POST"></property>
	</bean>
	<!-- 进入控制器的时候一定要有session否则，异常跑出HttpSessionRequiredException 同一个session只能串行 -->
	<bean name="/helloRequestSession" class="me.springmvc.helloworld.web.HelloWorldWithoutReturnController">
		<property name="requireSession" value="true"></property>
	</bean>
	<!-- 告诉浏览器缓存5秒，页面from cache 刷新是重新请求 -->
	<bean name="/helloCache" class="me.springmvc.helloworld.web.HelloWorldCacheController">
		<property name="cacheSeconds" value="5"></property>
	</bean>
	<bean name="/helloNoCache" class="me.springmvc.helloworld.web.HelloWorldCacheController">
		<property name="cacheSeconds" value="0"></property>
	</bean>
	<bean name="/helloLastModified" class="me.springmvc.helloworld.web.HelloWorldModifiedCacheController"/>
	<!-- springmvc提供的Controller    可以通过调用这个，回转发到forwarding的Servlet  注意这里有一个条件，就是Servlet必须在xml中声明-->
	<bean name="/forwardToServlet" class="org.springframework.web.servlet.mvc.ServletForwardingController">
		<property name='servletName' value="forwarding"></property>
	</bean>
	<!-- springmvc提供的Controller    可以通过调用这个，进行参数化试图控制器，不进行功能处理，根据参数的逻辑试图，直接选择展示的视图 -->
	<!-- 好处是，不用硬性编码，修改配置文件就可以搞定试图显示逻辑   直接使用控制器映射到视图-->
	<bean name="/parameterizableView" class="org.springframework.web.servlet.mvc.ParameterizableViewController">
		<property name="viewName" value="success"/>
	</bean>
	<!-- springmvc提供的Controller    根据某种规则进行拼接URL，然后去找对应的URL所在的试图   如下：就会寻找prefix*suffix.jsp -->
	<bean name="/*.html" class="org.springframework.web.servlet.mvc.UrlFilenameViewController">
		<property name="prefix" value="prefix"/>
		<property name="suffix" value="suffix"/>
	</bean>
	<!-- 这个Controller 用来测试 Interceptor -->
	<bean name="/test" class="me.springmvc.interceptor.TestController"/>
	
	
	
	<!-- 为了更好理解上面的文本可以替换成下面这一段 使用了注定的HandlerMapping 当然还可以自己去扩展 -->
	<!-- <bean name="homeController" class="me.springmvc.first.flight.web.HomeController"> 
		<property name="flightService" ref="flightService"></property> </bean> <bean 
		class="org.springFramework.web.servlet.handler.SimpleUrlHandlerMapping"> 
		<property name="urlMap"> <map> <entry key="/home" value-ref="homeController"></entry> 
		</map> </property> </bean> -->
		
	<!-- AbstractHandlerMapping的实现类，这里面定义了Interceptors 链 -->
	<bean class="org.springframework.web.servlet.handler.BeanNameUrlHandlerMapping">
		<property name="interceptors">
			<list>
				<ref bean="stopWatchHandlerInterceptor"/>
				<ref bean="handlerInterceptor1" />
				<ref bean="handlerInterceptor2" />
				<!-- 这个拦截器是中断拦截器 -->
<!-- 				<ref bean="handlerInterceptor3" /> -->
				
			</list>
		</property>
	</bean>


	<!-- 通知是基于注解的方法，改变了一些默认类    AnnotationDrivenBeanDefinitionParser驱动支持类-->
	<mvc:annotation-driven/>
	<!-- 基于注解的话，我们需要注解的处理类，因此需要这两个替换默认  有了上面注册annotation的驱动，下面的两个bean就不用注册了，一个搞定-->
<!-- 	<bean class="org.springframework.web.servlet.mvc.method.annotation.RequestMappingHandlerMapping"/>
	<bean class="org.springframework.web.servlet.mvc.method.annotation.RequestMappingHandlerAdapter"/> -->
	<!-- 通过注入这个类 内部资源resolver 通过这些就可以拼出完整路径/WEB-INF/jsp/home.jsp -->
	<bean id="viewResolver"
		class="org.springframework.web.servlet.view.InternalResourceViewResolver">
		<property name="viewClass"
			value="org.springframework.web.servlet.view.JstlView"></property>
		<property name="prefix" value="/WEB-INF/jsp/"></property>
		<property name="suffix" value=".jsp"></property>
	</bean>
	
<!-- 	<bean class="me.springmvc.annotation.paramtype.WizardFormController">
		<property name="pageViews">
			<list>
				<value>wizard/baseInfo</value>
				<value>wizard/schoolInfo</value>
				<value>wizard/workInfo</value>
			</list>
		</property>
		<property name="successView" value="redirect:success"/>
		<property name="cancelView" value="redirect:cancel"/>
	</bean> -->
	
	
	<!-- 自定义转换器，注册，以及ConversionService在WebBinder 中进行注册 -->
	<!-- 这个类是专门管理 数据转化和数据格式化 -->
<!-- 	<bean id="conversionService" class="org.springframework.format.support.FormattingConversionServiceFactoryBean">
		<property name="converters">
			<list>
				<bean class="me.springmvc.controller.support.converter.PhoneNumberToStringConverter"/>
				<bean class="me.springmvc.controller.support.converter.StringToPhoneNumberConverter"/>
				<bean class="me.springmvc.controller.support.converter.StringToDateConverter">
					<constructor-arg value="yyyy-MM-dd"/>
				</bean>
			</list>
		</property>
	</bean>
	<bean id="webBindingInitializer" class="org.springframework.web.bind.support.ConfigurableWebBindingInitializer">
		<property name="conversionService" ref="conversionService"/>
	</bean>
	<bean class="org.springframework.web.servlet.mvc.method.annotation.RequestMappingHandlerAdapter">
		<property name="webBindingInitializer" ref="webBindingInitializer"/>
	</bean> -->
</beans>
