<?xml version="1.0" encoding="UTF-8"?>
<!DOCTYPE configuration PUBLIC "-//mybatis.org//DTD Config 3.0//EN" 
	"http://mybatis.org/dtd/mybatis-3-config.dtd">
<configuration>
	<environments default="development">
		<environment id="development">
			<transactionManager type="JDBC"/>
			<dataSource type="POOLED">
				<property name="driver" value="${drivername}"/>
				<property name="url" value="${url}"/>
			</dataSource>
		</environment>
	</environments>
	<mappers>
		<mapper resource="me/czd/orm/userinfoMapper.xml"/>
	</mappers>
</configuration>