<?xml version="1.0" encoding="UTF-8"?>
<soapenv:Envelope xmlns:soapenv="http://schemas.xmlsoap.org/soap/envelope">
	<soapenv:Header>
		<OpHdr>
			<OpHdrVersNum>1.2</OpHdrVersNum>
			<OpDefCnt>2</OpDefCnt>
			<OpDefHdr seq="1">
				<SvceId>HKHSBCSSG</SvceId>
				<OpId>P2PPYEEENQ</OpId>
				<SvceVersNum>1.2</SvceVersNum>
				<PayloadType>FXL</PayloadType>
				<PayloadRqstCodec>no</PayloadRqstCodec>
				<PayloadRespeCodec></PayloadRespeCodec>
			</OpDefHdr>
			<OpDefHdr seq="2">
				<SvceId>HKHSBCSSG</SvceId>
				<OpId>P2PPYEEENQ</OpId>
				<SvceVersNum>1.2</SvceVersNum>
				<PayloadType>FXL</PayloadType>
				<PayloadRqstCodec>no</PayloadRqstCodec>
				<PayloadRespeCodec></PayloadRespeCodec>
			</OpDefHdr>
		</OpHdr>
		<ISMHdr>
			<ISMHdrVersNum>1.2</ISMHdrVersNum>
			<AppName>HKHSBC</AppName>
			<UserId>HK00710496100101</UserId>
			<EmplyUserId></EmplyUserId>
			<ClntId>0000046302</ClntId>
			<ClntHostId>H0SDE03</ClntHostId>
			<GloblLogId></GloblLogId>
			<MsgInstcId>8</MsgInstcId>
			<UserDviceId>10.210.141.214</UserDviceId>
			<InbndChanlId>2001</InbndChanlId>
			<SessnId>6666674979</SessnId>
			<MsgCreatTmsp>2016-10-17T10:09:11.682000+08:00</MsgCreatTmsp>
			<RespeCdeGrp>
				<RespeCde seq="1">
					<RtrnCde>00</RtrnCde>
					<ReasCde></ReasCde>
					<DiagText></DiagText>
				</RespeCde>
				<RespeCde seq="2">
					<RtrnCde>00</RtrnCde>
					<ReasCde></ReasCde>
					<DiagText></DiagText>
				</RespeCde>
			</RespeCdeGrp>
		</ISMHdr>
	</soapenv:Header>
	<soapenv:Body>
		<RouteArray>
			<OpDefRoute seq="1">
				<RouteType></RouteType>
				<RouteData></RouteData>
				<ErrOvrid></ErrOvrid>
				<BaseView></BaseView>
			</OpDefRoute>
			<OpDefRoute seq="2">
				<RouteType></RouteType>
				<RouteData></RouteData>
				<ErrOvrid></ErrOvrid>
				<BaseView></BaseView>
			</OpDefRoute>
		</RouteArray>
		<RespePayload>
			<OpDefRespe seq="1">RESPDTL   0002016-10-24-11.40.14.845379REASCODE  @@P2PP00  SUCCESSFULL                   PYEEINFO  000                                                                                                                                                                                                                                     0248615929728417                                                                                                    NPED UAT****                                                                ID458392     2016-10-24-11.40.14.845379Y                                                                                                                                                                                                                 </OpDefRespe>
			<OpDefRespe seq="2">RESPDTL   0002016-10-24-11.40.14.845379REASCODE  @@P2PP00  SUCCESSFULL                   PYEEINFO  000                                                                                                                                                                                                                                     0248615929728417                                                                                                    NPED UAT****                                                                ID458392     2016-10-24-11.40.14.845379Y                                                                                                                                                                                                                 </OpDefRespe>
		</RespePayload>
	</soapenv:Body>
</soapenv:Envelope>
