<?xml version="1.0" encoding="UTF-8"?>
<beans xmlns="http://www.springframework.org/schema/beans"
	xmlns:xsi="http://www.w3.org/2001/XMLSchema-instance" xmlns:p="http://www.springframework.org/schema/p"
	xsi:schemaLocation="http://www.springframework.org/schema/beans 
	http://www.springframework.org/schema/beans/spring-beans-4.3.xsd">


	<!-- bean 中如果想要注入一个null 必须使用 null标签 -->

	<bean id="waiterTarget" class="me.czd.test.aop.pointcut.staticmethod.Waiter" />
	<bean id="sellerTarget" class="me.czd.test.aop.pointcut.staticmethod.Seller" />
	<bean id="greetingAdvice"
		class="me.czd.test.aop.pointcut.staticmethod.GreetingBeforeAdvice" />

	<!-- 切面bean，并且注入一个前置增强 -->
	<bean id="waiterAdvisor" class="me.czd.test.aop.pointcut.staticmethod.GreetingAdvisor"
		p:advice-ref="greetingAdvice" />

	<!-- 通过一个父bean 来提供公共信息 -->
	<bean id="parent" abstract="true"
		class="org.springframework.aop.framework.ProxyFactoryBean"
		p:interceptorNames="waiterAdvisor" p:proxyTargetClass="true" />

	<!-- 有没有考虑过每次都要写一个代理对象，是不是很累啊 -->

	<!-- 获取父类bean ，来得到总体代理对象 -->
	<bean id="waiter" parent="parent" p:target-ref="waiterTarget" />
	<bean id="seller" parent="parent" p:target-ref="sellerTarget" />






	<!-- 正则来匹配连接点 -->
	<bean id="regexpAdvisor"
		class="org.springframework.aop.support.RegexpMethodPointcutAdvisor"
		p:advice-ref="greetingAdvice">
		<property name="patterns">
			<list>
				<value>.*greet.*</value>
			</list>
		</property>
	</bean>
	<!-- 正则匹配完连接点的 代理类 -->
	<bean id="waiter1" class="org.springframework.aop.framework.ProxyFactoryBean"
		p:interceptorNames="regexpAdvisor" p:target-ref="waiterTarget"
		p:proxyTargetClass="true" />




	<!-- 动态切面配置 -->
	<bean id="dynamicAdvisor" class="org.springframework.aop.support.DefaultPointcutAdvisor">
		<property name="pointcut">
			<bean class="me.czd.test.aop.pointcut.dynamicmthod.GreetingDynamicPointcut" />
		</property>
		<property name="advice">
			<ref bean="greetingAdvice" />
		</property>
	</bean>
	<!-- 动态匹配连接点的 代理类 -->
	<bean id="waiter2" class="org.springframework.aop.framework.ProxyFactoryBean"
		p:interceptorNames="dynamicAdvisor" p:target-ref="waiterTarget"
		p:proxyTargetClass="true" />





	<!-- 流程切面配置 -->
	<bean id="controlFlowPointcut" class="org.springframework.aop.support.ControlFlowPointcut">
		<constructor-arg type="java.lang.Class"
			value="me.czd.test.aop.pointcut.controlflow.WaiterDelegate" />
		<constructor-arg type="java.lang.String" value="service" />
	</bean>
	<bean id="controlFlowAdvisor" class="org.springframework.aop.support.DefaultPointcutAdvisor"
		p:pointcut-ref="controlFlowPointcut" p:advice-ref="greetingAdvice" />
	<bean id="waiter3" class="org.springframework.aop.framework.ProxyFactoryBean"
		p:interceptorNames="controlFlowAdvisor" p:target-ref="waiterTarget"
		p:proxyTargetClass="true" />





	<!-- 复合切面配置 -->
	<bean id="gcp"
		class="me.czd.test.aop.pointcut.composable.GreetingComposablePointcut" />
	<!-- 引用   gcp的intersectionPointcut方法返回符合切点，添加到默认切面 -->
	<bean id="composableAdvisor" class="org.springframework.aop.support.DefaultPointcutAdvisor"
		p:pointcut="#{gcp.intersectionPointcut}" p:advice-ref="greetingAdvice" />
	<bean id="waiter4" class="org.springframework.aop.framework.ProxyFactoryBean"
		p:interceptorNames="composableAdvisor"
		p:target-ref="waiterTarget"
		p:proxyTargetClass="true"
		/>
</beans>