<?xml version="1.0" encoding="UTF-8"?>
<beans xmlns="http://www.springframework.org/schema/beans"
	xmlns:xsi="http://www.w3.org/2001/XMLSchema-instance" 
	xmlns:p="http://www.springframework.org/schema/p"
	xmlns:aop="http://www.springframework.org/schema/aop"
	xsi:schemaLocation="http://www.springframework.org/schema/beans 
	http://www.springframework.org/schema/beans/spring-beans-4.3.xsd
	http://www.springframework.org/schema/aop
	http://www.springframework.org/schema/aop/spring-aop-4.3.xsd">


	<!-- bean 中如果想要注入一个null 必须使用 null标签 -->
	<!-- 
		一般情况下如果使用spring中的aop我们都会使用schema来进行约束
		因此我们需要引入aop的约束调用aop对应的
	 -->
	 
	 <!-- 没有 aop空间的话，class要用这个 AnnotationAwareAspectJAutoProxyCreator -->

	<!-- 引用aop空间自动代理 -->
	<aop:aspectj-autoproxy/>
	
	<!-- simple -->
	<bean id="waiter" class="me.czd.test.aspectj.simple.NaiveWaiter"/>
	<bean class="me.czd.test.aspectj.simple.TestPointcutAspect"/>
	
	<!-- declareParents -->
	<bean id="waiter1" class="me.czd.test.aspectj.declareparents.NaiveWaiter"/>
	<bean class="me.czd.test.aspectj.declareparents.EnableSellerAspect"/>	
	
	
	
	
	<!-- 这里是通过schemal 进行配置 获取切面的，推荐使用注解 -->
	<bean id="adviceMethod" class="me.czd.test.aspectj.simple.AdviceMethods"/>
	<aop:config proxy-target-class="true">
		<!-- 命名切点，然后再被其他增强引用 -->
		<aop:pointcut id="greetToPointcut" expression="execution(* greetTo(..))"/>
		<aop:aspect ref="adviceMethod">
			<aop:after pointcut-ref="greetToPointcut" method="preGreeting"/>
		</aop:aspect>
	</aop:config>
</beans>