<?xml version="1.0" encoding="UTF-8"?>
<beans xmlns="http://www.springframework.org/schema/beans"
	xmlns:xsi="http://www.w3.org/2001/XMLSchema-instance" xmlns:p="http://www.springframework.org/schema/p"
	xsi:schemaLocation="http://www.springframework.org/schema/beans 
	http://www.springframework.org/schema/beans/spring-beans-4.3.xsd">

	<!-- 这里是用来 管理资源配制 MessageSource -->
	<bean id="myResource"
		class="org.springframework.context.support.ResourceBundleMessageSource">
		<property name="basenames">
			<list>
				<!-- 通过这里导入properties文件 -->
				<value>i18n/fmt_resource</value>
			</list>
		</property>
	</bean>

	<!-- 
		这里的id是规定的值，就是为了让我们的ApplicationContext 进行依赖注入，然后
		达到容器级别的国际化资源
		这个 id 必须是messageSource
	 -->
	<bean id="messageSource"
		class="org.springframework.context.support.ResourceBundleMessageSource">
		<property name="basenames">
			<list>
				<!-- 通过这里导入properties文件 -->
				<value>i18n/fmt_resource</value>
			</list>
		</property>
	</bean>
</beans>