<?xml version="1.0" encoding="UTF-8"?>
<beans xmlns="http://www.springframework.org/schema/beans"
	xmlns:xsi="http://www.w3.org/2001/XMLSchema-instance" xmlns:p="http://www.springframework.org/schema/p"
	xmlns:context="http://www.springframework.org/schema/context"

	xsi:schemaLocation="
	http://www.springframework.org/schema/beans 
	http://www.springframework.org/schema/beans/spring-beans-4.3.xsd
	http://www.springframework.org/schema/context
	http://www.springframework.org/schema/context/spring-context-4.3.xsd
	">

	<!-- prototype 类型的bean -->
	<bean id="car" class="me.czd.test.bean.Car" p:brand="红旗" p:color="黑色"
		p:maxSpeed="200" scope="prototype">
	</bean>
	<bean id="car2" class="me.czd.test.bean.Car" p:brand="奥迪" p:color="黑色"
		p:maxSpeed="200" scope="prototype">
	</bean>

	<!-- boss -->
	<bean id="boss" class="me.czd.test.ioc.lookup.Boss">
		<property name="car" ref="car"></property>
	</bean>


	<!-- 实施方法，动态实现接口，来完成 -->
	<bean id="magicBoss" class="me.czd.test.ioc.lookup.MagicBoss">
		<!-- 这个方法可以去掉，通过注解使用 -->
		<lookup-method name="getCar" bean="car"/>
	</bean>

	<!-- 捕获注解 -->
	<context:component-scan base-package="me.czd.test.ioc" />

</beans>