<?xml version="1.0" encoding="UTF-8"?>
<beans xmlns="http://www.springframework.org/schema/beans"
	xmlns:xsi="http://www.w3.org/2001/XMLSchema-instance" xmlns:p="http://www.springframework.org/schema/p"
	xmlns:context="http://www.springframework.org/schema/context"
	xmlns:mvc="http://www.springframework.org/schema/mvc"
	xsi:schemaLocation="
	http://www.springframework.org/schema/beans
	http://www.springframework.org/schema/beans/spring-beans-4.0.xsd
	http://www.springframework.org/schema/context
	http://www.springframework.org/schema/context/spring-context-4.0.xsd
	http://www.springframework.org/schema/mvc
	http://www.springframework.org/schema/mvc/spring-mvc-4.0.xsd
	">

	<!-- 扫包，并且注册 -->
	<context:component-scan base-package="me.czd.controller" />

	<!-- 由于spring mvc 模块开发，路径层次较为复杂，因此这里，让所以得文件都是根目录开始 -->
	<bean
		class="org.springframework.web.servlet.view.InternalResourceViewResolver">
		<property name="prefix" value="/" />
		<property name="suffix" value=".jsp" />
	</bean>
	<!-- 这里相当于帮助我们加入了一部分类 RequestMappingHandlerMapping RequestMappingHandlerAdapter -->
	<mvc:annotation-driven />

	<!-- 注入文件上传请求bean -->
	<bean id="multipartResolver"
		class="org.springframework.web.multipart.commons.CommonsMultipartResolver">
		<property name="maxUploadSize" value="204800000000" />
	</bean>




















































	<!-- spring 4.0中 配置上面驱动实际是注入了两个类，下面这是其中之一 -->
	<!-- <bean class="org.springframework.web.servlet.mvc.method.annotation.RequestMappingHandlerAdapter"> 
		<property name="messageConverters"> <list> <ref bean="stringHttpMessageConverter" 
		/> </list> </property> </bean> <bean id="stringHttpMessageConverter" class="org.springframework.http.converter.StringHttpMessageConverter"> 
		<property name="supportedMediaTypes"> <list> <value> text/html;charset=UTF-8 
		</value> </list> </property> </bean> -->
</beans>
