<?xml version="1.0" encoding="UTF-8"?>
  <!DOCTYPE struts PUBLIC 
	"-//Apache Software Foundation//DTD Struts Configuration 2.0//EN"
	"http://struts.apache.org/dtds/struts-2.0.dtd">
<struts>
	<!-- 一般 应用中，我们不会这么总是package，都是 action，这里为了跟好的展现关系 -->
	<constant name="struts.devMode" value="true" />
<!-- 	<constant name="struts.ui.theme" value="simple" /> -->
	<!-- 这里简单跑通 struts -->
	<package name="struts2login" extends="struts-default">
		<action name="login" class="me.czd.controller.Login">
			<result name="toOKJSP">ok.jsp</result>
			<result name="toNOJSP">no.jsp</result>
			<result name="input">login.jsp</result>
		</action>
	</package>
	<!-- 这里测试我们的拦截器 -->
	<package name="testtest" extends="struts-default">
		<interceptors>
			<interceptor name="myinterceptor" class="me.czd.myinterceptor.MyInterceptor" />
			<!-- 这里记住struts 是一个拦截器栈，它内置了一些拦截器，我们必须引用才能实现功能 -->
			<interceptor-stack name="myInterceptorStack">
				<interceptor-ref name="defaultStack" />
				<interceptor-ref name="myinterceptor" />
			</interceptor-stack>
		</interceptors>
		<!-- 修改全局默认拦截器栈 -->
		<default-interceptor-ref name="myinterceptor" />
		<action name="printUsername" class="me.czd.controller.PrintUsername">
			<result name="toPrintUsernameJSP">printUsername.jsp</result>
			<!-- 这里其实就是引用我们的拦截器，如果不写就是默认的 -->
			<!-- <interceptor-ref name="myInterceptorStack"/> -->
		</action>
	</package>
	<!-- 这里是测试数据类型自动转换 -->
	<package name="dateConvert" extends="struts-default">
		<action name="register" class="me.czd.controller.RegisterAction">
			<result name="toIndexJSP">index.jsp</result>
		</action>
	</package>
	<!-- 这里是用来管理文件上传的 -->
	<package name="fileUpload" extends="struts-default">
		<action name="upload" class="me.czd.controller.Register">
			<result name="upload">ok.jsp</result>
			<result name="input">register.jsp</result>
		</action>
	</package>
	<!-- 这里是用来测试ajax来与我们后台交互的 -->
	<package name="ajax" extends="struts-default">
		<action name="getJSON" class="me.czd.controller.GetJsonAction">
		</action>
		<action name="printAction" class="me.czd.controller.PrintJsonAction">
		</action>
	</package>
</struts>